model_type,model,eval_method,n_candidates,n_prompts,item_coverage@1,unique_items@1,avg_popularity@1,catalog_match_rate@1,item_coverage@5,unique_items@5,avg_popularity@5,catalog_match_rate@5,item_coverage@10,unique_items@10,avg_popularity@10,catalog_match_rate@10,hit_rate@1,hit_rate@5,hit_rate@10,mrr@1,mrr@5,mrr@10,precision@1,precision@5,precision@10,recall@1,recall@5,recall@10,f1@1,f1@5,f1@10,ndcg@1,ndcg@5,ndcg@10
CF,BPR,candidate_reranking,c1000,999,0.03682842287694974,255.0,144.6216216216216,1.0,0.11149624494511842,772.0,95.72192192192192,1.0,0.17345465049104564,1201.0,77.82052052052052,1.0,0.06406406406406406,0.15115115115115116,0.2032032032032032,0.06406406406406406,0.09566232899566232,0.10243060520838299,0.06406406406406406,0.03403403403403404,0.023423423423423424,0.033183183183183175,0.09004004004004003,0.12457457457457456,0.04150817484150818,0.04708041374708042,0.03820712987379655,0.06406406406406406,0.07421910187501794,0.08723861873015953
CF,BPR,candidate_reranking,c250,999,0.04000577700751011,277.0,126.21621621621621,1.0,0.12593876372039284,872.0,80.8974974974975,1.0,0.20956094742923165,1451.0,63.59629629629631,1.0,0.06306306306306306,0.14314314314314314,0.1891891891891892,0.06306306306306306,0.09169169169169168,0.09775608942275608,0.06306306306306306,0.031631631631631636,0.021521521521521522,0.03288288288288288,0.08241574908241575,0.11811811811811812,0.04080747414080747,0.04357134912690469,0.03519178519178519,0.06306306306306306,0.06962010301435032,0.08262521865624298
CF,BPR,candidate_reranking,c500,999,0.037694974003466206,261.0,135.01001001001,1.0,0.11712882726747545,811.0,89.13953953953953,1.0,0.18471981513575966,1279.0,71.20480480480481,1.0,0.05905905905905906,0.14214214214214213,0.1941941941941942,0.05905905905905906,0.08935602268935601,0.09643651588096032,0.05905905905905906,0.031231231231231234,0.022022022022022022,0.030180180180180177,0.0871705038371705,0.12162162162162163,0.03780447113780447,0.043785849341404906,0.036104827771494444,0.05905905905905906,0.06976812160162309,0.08288271266435332
CF,EASE,candidate_reranking,c1000,999,0.04000577700751011,277.0,130.84084084084085,1.0,0.12622761409589833,874.0,89.78578578578579,0.9997997997997997,0.20262853841709993,1403.0,73.67485263040818,0.9992992992992993,0.07307307307307308,0.1871871871871872,0.23723723723723725,0.07307307307307308,0.1158158158158158,0.12238985016762793,0.07307307307307308,0.04144144144144145,0.026926926926926928,0.039239239239239235,0.11194527861194525,0.14684684684684685,0.04838171504838171,0.05769189102522436,0.04405559405559406,0.07307307307307308,0.09125334433176531,0.1041961807684347
CF,EASE,candidate_reranking,c250,999,0.04404968226458694,305.0,114.14829659318637,0.998998998998999,0.14182553437319467,982.0,76.59384384384384,0.9995995995995997,0.23700173310225303,1641.0,59.987748859971084,0.9995995995995997,0.07607607607607608,0.16516516516516516,0.2072072072072072,0.07607607607607608,0.10975975975975977,0.11531769865103199,0.07607607607607608,0.036036036036036036,0.023523523523523524,0.039272605939272606,0.09662996329662996,0.12801134467801134,0.049015682349015675,0.050019138908027796,0.038429030095696766,0.07607607607607608,0.08225476764341154,0.09391608886822132
CF,EASE,candidate_reranking,c500,999,0.041883304448295786,290.0,121.93093093093093,1.0,0.13417099942229924,929.0,83.15525525525526,0.9991991991991992,0.21577123050259966,1494.0,67.53766266266267,0.9994994994994995,0.07107107107107107,0.17717717717717718,0.22122122122122123,0.07107107107107107,0.11069402736069403,0.11632386354608577,0.07107107107107107,0.03803803803803804,0.024424424424424426,0.03832165498832165,0.10435435435435435,0.13653653653653655,0.04711378044711378,0.053175469842136516,0.04010159843493177,0.07107107107107107,0.08547676881430082,0.09716863520577786
CF,ItemKNN,candidate_reranking,c1000,999,0.07019064124783363,486.0,66.7755511022044,0.998998998998999,0.24494511842865396,1696.0,52.491541541541544,0.998998998998999,0.3653957250144425,2530.0,43.83039865262087,0.9972972972972972,0.06706706706706707,0.16616616616616617,0.21621621621621623,0.06706706706706707,0.10258591925258592,0.10945985668207889,0.06706706706706707,0.03623623623623624,0.024124124124124124,0.037404070737404066,0.10088421755088421,0.1342509175842509,0.045345345345345345,0.05068250068250069,0.03955375622042289,0.06706706706706707,0.08150616686981114,0.09416632044716162
CF,ItemKNN,candidate_reranking,c250,999,0.07004621606008088,485.0,65.20841683366733,0.998998998998999,0.2247255921432698,1556.0,51.71463129796464,0.9973973973973975,0.32582322357019067,2256.0,43.85504274115385,0.9955955955955956,0.06606606606606606,0.16216216216216217,0.1981981981981982,0.06606606606606606,0.09966633299966633,0.10431860431860433,0.06606606606606606,0.03523523523523524,0.022222222222222227,0.0355689022355689,0.09646312979646313,0.12180513847180513,0.04367701034367701,0.04908963797852687,0.03634939468272801,0.06606606606606606,0.0780955927710966,0.08757098205137819
CF,ItemKNN,candidate_reranking,c500,999,0.07047949162333911,488.0,65.32565130260521,0.998998998998999,0.22891392258809937,1585.0,52.38038038038037,0.9985985985985987,0.3409878682842288,2361.0,44.249302079857635,0.996896896896897,0.06606606606606606,0.16716716716716717,0.2092092092092092,0.06606606606606606,0.10048381715048381,0.1060679727346394,0.06606606606606606,0.036036036036036036,0.023323323323323326,0.03690357023690356,0.10071738405071738,0.12982982982982985,0.044678011344678005,0.05046800046800048,0.038277629944296614,0.06606606606606606,0.0801920137184787,0.0911524270395446
CF,LightGCN,candidate_reranking,c1000,999,0.03451761987290584,239.0,142.34834834834834,1.0,0.10701906412478336,741.0,93.92152152152151,1.0,0.17547660311958405,1215.0,73.58138138138139,1.0,0.05405405405405406,0.16116116116116116,0.22122122122122123,0.05405405405405406,0.09014014014014014,0.09857516246405135,0.05405405405405406,0.03563563563563564,0.025325325325325325,0.028395061728395062,0.09125792459125792,0.1336503169836503,0.03523523523523523,0.04899596566263233,0.041204524537857876,0.05405405405405406,0.07176743262678317,0.08799358686511907
CF,LightGCN,candidate_reranking,c250,999,0.040583477758521086,281.0,123.8038038038038,1.0,0.12868284228769497,891.0,78.5951951951952,1.0,0.213893703061814,1481.0,59.95515515515516,1.0,0.05405405405405406,0.14914914914914915,0.2042042042042042,0.05405405405405406,0.08620286953620288,0.0935971685971686,0.05405405405405406,0.03323323323323324,0.023423423423423424,0.027477477477477474,0.08870537203870536,0.128028028028028,0.03443443443443443,0.04606677384455163,0.03835043001709668,0.05405405405405406,0.06864049589112958,0.0832607971495062
CF,LightGCN,candidate_reranking,c500,999,0.036250722125938765,251.0,133.87387387387386,1.0,0.11785095320623917,816.0,86.36496496496497,1.0,0.19381860196418255,1342.0,66.9054054054054,1.0,0.05205205205205205,0.15015015015015015,0.21021021021021022,0.05205205205205205,0.08688688688688688,0.09518685352018685,0.05205205205205205,0.03303303303303303,0.023623623623623625,0.027143810477143808,0.08675342008675341,0.12901234567901235,0.033800467133800464,0.04567987901321235,0.038611030277696946,0.05205205205205205,0.06842291301896336,0.08422038024419304
CF,NeuMF,candidate_reranking,c1000,999,0.04607163489312536,319.0,129.05405405405406,1.0,0.12954939341421143,897.0,90.49849849849849,1.0,0.19858463316002312,1375.0,73.91451451451452,1.0,0.05905905905905906,0.14414414414414414,0.19119119119119118,0.05905905905905906,0.08973973973973974,0.0961775267330823,0.05905905905905906,0.03183183183183184,0.021921921921921925,0.030397063730397057,0.08535201868535201,0.11656656656656655,0.038071404738071406,0.044342755453866574,0.035745294078627414,0.05905905905905906,0.06994175151158542,0.08209116942568587
CF,NeuMF,candidate_reranking,c250,999,0.04968226458694396,344.0,114.57157157157157,1.0,0.14355863662622761,994.0,77.0028028028028,1.0,0.2136048526863085,1479.0,61.382582582582586,1.0,0.056056056056056056,0.13113113113113112,0.17917917917917917,0.056056056056056056,0.08254921588254922,0.08891748891748891,0.056056056056056056,0.028228228228228232,0.020720720720720724,0.028311644978311644,0.07545879212545879,0.11244577911244577,0.03563563563563564,0.03923208923208924,0.03387065887065887,0.056056056056056056,0.06239838692124724,0.07631285776128675
CF,NeuMF,candidate_reranking,c500,999,0.048093587521663775,333.0,121.63663663663664,1.0,0.1353264009243212,937.0,84.09489489489488,1.0,0.20667244367417678,1431.0,67.5797797797798,1.0,0.055055055055055056,0.13413413413413414,0.18218218218218218,0.055055055055055056,0.08350016683350016,0.0899431177208955,0.055055055055055056,0.02902902902902903,0.02052052052052052,0.028978978978978977,0.08143143143143143,0.11411411411411411,0.03596930263596931,0.0408908908908909,0.03365815865815867,0.055055055055055056,0.06541215462050616,0.07778628012800366
CF,Pop,candidate_reranking,c1000,999,0.0034662045060658577,24.0,280.6836836836837,1.0,0.008376660889659156,58.0,191.88168168168167,1.0,0.01487579433853264,103.0,156.2972972972973,1.0,0.026026026026026026,0.055055055055055056,0.09009009009009009,0.026026026026026026,0.03580246913580247,0.0405055849500294,0.026026026026026026,0.011811811811811812,0.00950950950950951,0.012879546212879546,0.02976309642976309,0.0490990990990991,0.016483149816483147,0.016066860511304955,0.015329340329340328,0.026026026026026026,0.025553480873316405,0.03294576230436616
CF,Pop,candidate_reranking,c250,999,0.007510109763142692,52.0,211.06806806806807,1.0,0.0255632582322357,177.0,138.18018018018017,1.0,0.047660311958405546,330.0,107.6837837837838,1.0,0.024024024024024024,0.06306306306306306,0.1061061061061061,0.024024024024024024,0.037671004337671,0.04329130718019607,0.024024024024024024,0.013013013013013013,0.011411411411411412,0.012712712712712713,0.03460126793460126,0.06338004671338004,0.015815815815815815,0.018037084703751375,0.0187344520677854,0.024024024024024024,0.028300607316648022,0.03882983356024256
CF,Pop,candidate_reranking,c500,999,0.005488157134604275,38.0,242.24124124124126,1.0,0.014298093587521665,99.0,163.24264264264264,1.0,0.027585210860774118,191.0,131.106006006006,1.0,0.023023023023023025,0.06006006006006006,0.0960960960960961,0.023023023023023025,0.03438438438438438,0.03904340848785293,0.023023023023023025,0.012212212212212211,0.01001001001001001,0.011961961961961962,0.034684684684684684,0.05385385385385385,0.014881548214881545,0.017210861655306102,0.016296549629882962,0.023023023023023025,0.02641755635407787,0.03375713763070486
CF,Random,candidate_reranking,c1000,999,0.1133737723859041,785.0,10.87176724137931,0.928928928928929,0.35008665511265163,2424.0,10.540223556890224,0.93993993993994,0.4719815135759676,3268.0,10.548560465227132,0.9394394394394395,0.001001001001001001,0.009009009009009009,0.01001001001001001,0.001001001001001001,0.0037871204537871204,0.0039539539539539545,0.001001001001001001,0.0018018018018018018,0.001001001001001001,0.00025025025025025025,0.005171838505171838,0.005505505505505505,0.0004004004004004004,0.0025183914072802968,0.0016276682943349612,0.001001001001001001,0.0032519104416600803,0.0034192382244090315
CF,Random,candidate_reranking,c250,999,0.10889659156556904,754.0,12.598719316969051,0.9379379379379379,0.3128249566724437,2166.0,13.16886886886887,0.9449449449449451,0.4195551704217215,2905.0,13.274076060187172,0.9461461461461462,0.002002002002002002,0.009009009009009009,0.02702702702702703,0.002002002002002002,0.004287620954287621,0.006525573192239859,0.002002002002002002,0.0018018018018018018,0.002702702702702703,0.0012512512512512512,0.005255255255255256,0.014631297964631296,0.0014014014014014013,0.0025136969581414027,0.004419596086262753,0.002002002002002002,0.0037174364531588427,0.007206879656113555
CF,Random,candidate_reranking,c500,999,0.11265164644714037,780.0,11.405144694533762,0.933933933933934,0.3292894280762565,2280.0,11.726376376376376,0.9411411411411412,0.43919699595609474,3041.0,12.150862767529436,0.9406406406406407,0.0,0.005005005005005005,0.015015015015015015,0.0,0.0020854187520854186,0.0034045950712617377,0.0,0.001001001001001001,0.0015015015015015015,0.0,0.0030864197530864196,0.008291624958291624,0.0,0.0014260292038069816,0.002438594105260772,0.0,0.0019681604565037806,0.0039415645623544415
Sequential,GRU4Rec,candidate_reranking,c1000,999,0.0658578856152513,456.0,90.65865865865865,1.0,0.1683997689196996,1166.0,71.57737737737736,1.0,0.2388792605430387,1654.0,62.987987987987985,1.0,0.043043043043043044,0.12412412412412413,0.1841841841841842,0.043043043043043044,0.07220553887220553,0.07990013823347157,0.043043043043043044,0.026826826826826824,0.02052052052052052,0.021388054721388054,0.07092092092092092,0.11202869536202868,0.02724629391296058,0.03725558170002615,0.033621283621283624,0.043043043043043044,0.05560722187344919,0.07057519854795809
Sequential,GRU4Rec,candidate_reranking,c250,999,0.06195840554592721,429.0,86.97297297297297,1.0,0.15901213171577122,1101.0,66.24224224224224,1.0,0.23006932409012132,1593.0,57.82242242242242,1.0,0.043043043043043044,0.12712712712712712,0.17917917917917917,0.043043043043043044,0.0741408074741408,0.08087412809635032,0.043043043043043044,0.026826826826826827,0.01961961961961962,0.02150483817150484,0.07409075742409074,0.10885885885885886,0.027146193812860476,0.037577332021776474,0.03217349050682384,0.043043043043043044,0.057475296818900595,0.07031825565648178
Sequential,GRU4Rec,candidate_reranking,c500,999,0.06383593298671288,442.0,89.58458458458459,1.0,0.16334488734835356,1131.0,68.93433433433432,1.0,0.23613518197573657,1635.0,60.21661661661662,1.0,0.04104104104104104,0.12612612612612611,0.17417417417417416,0.04104104104104104,0.07110443777110444,0.07754222476444698,0.04104104104104104,0.026426426426426425,0.019219219219219222,0.020003336670003338,0.07325658992325658,0.10682349015682349,0.025477858811192144,0.0371205260094149,0.03157885657885658,0.04104104104104104,0.055294290159595215,0.06785768173547384
Sequential,NARM,candidate_reranking,c1000,999,0.060947429231658,422.0,108.88088088088088,1.0,0.1678220681686886,1162.0,77.86766766766767,1.0,0.24783362218370883,1716.0,67.28968968968968,1.0,0.04504504504504504,0.12612612612612611,0.17217217217217218,0.04504504504504504,0.07527527527527526,0.08112000889778667,0.04504504504504504,0.026826826826826827,0.018918918918918916,0.026443109776443107,0.07322322322322321,0.10231898565231899,0.031865198531865195,0.037683715461493246,0.031050064383397722,0.04504504504504504,0.05993027025920839,0.07085693363243054
Sequential,NARM,candidate_reranking,c250,999,0.057481224725592146,398.0,101.37137137137137,1.0,0.16190063547082612,1121.0,69.8924924924925,1.0,0.2401790872328134,1663.0,58.81891891891892,0.9994994994994995,0.04904904904904905,0.12012012012012012,0.16116116116116116,0.04904904904904905,0.07472472472472472,0.08006856062411617,0.04904904904904905,0.02582582582582583,0.01771771771771772,0.027560894227560893,0.07242242242242242,0.09753086419753085,0.03363363363363363,0.03641816419594198,0.02909388742722076,0.04904904904904905,0.05907261674316541,0.06860066700121693
Sequential,NARM,candidate_reranking,c500,999,0.0586366262276141,406.0,106.34334334334335,1.0,0.16334488734835356,1131.0,74.02242242242242,1.0,0.2385904101675332,1652.0,63.2017017017017,0.9998998998998999,0.04604604604604605,0.11611611611611612,0.16916916916916916,0.04604604604604605,0.07292292292292292,0.08009755787533565,0.04604604604604605,0.024624624624624628,0.018518518518518517,0.025942609275942607,0.07002002002002,0.10231898565231899,0.031698365031698365,0.03495320717542941,0.030427355427355432,0.04604604604604605,0.05740445323453468,0.06981500953114964
Sequential,SASRec,candidate_reranking,c1000,999,0.029896013864818025,207.0,147.8948948948949,1.0,0.08347775852108608,578.0,100.5917917917918,1.0,0.12796071634893125,886.0,83.16166166166167,1.0,0.04004004004004004,0.13213213213213212,0.2092092092092092,0.04004004004004004,0.07300633967300635,0.08323799990466657,0.04004004004004004,0.02862862862862863,0.023623623623623625,0.02302302302302302,0.07831164497831163,0.12922922922922922,0.02779446112779446,0.04013457902346792,0.03874056374056375,0.04004004004004004,0.059901201666581735,0.07909701092877036
Sequential,SASRec,candidate_reranking,c250,999,0.036539572501444254,253.0,128.37737737737737,1.0,0.10109763142692085,700.0,85.64724724724725,1.0,0.15915655690352398,1102.0,67.95960404849295,0.9998998998998999,0.03803803803803804,0.12412412412412413,0.18018018018018017,0.03803803803803804,0.06865198531865198,0.07596207318429542,0.03803803803803804,0.02642642642642643,0.020420420420420422,0.021021021021021023,0.07180513847180514,0.11338004671338003,0.025792459125792457,0.036893242448798005,0.0335332668666002,0.03803803803803804,0.05502418792417261,0.07046219444307132
Sequential,SASRec,candidate_reranking,c500,999,0.032351242056614674,224.0,136.57457457457457,1.0,0.09055459272097054,627.0,93.37117117117117,1.0,0.1412478336221837,978.0,75.42532532532532,1.0,0.037037037037037035,0.13413413413413414,0.19119119119119118,0.037037037037037035,0.07267267267267266,0.08021116354449688,0.037037037037037035,0.028228228228228232,0.021721721721721723,0.021521521521521522,0.07842842842842843,0.1216383049716383,0.025792459125792453,0.03967141744919523,0.03570872737539405,0.037037037037037035,0.0594111827809022,0.07553504322016867
Sequential,SRGNN,candidate_reranking,c1000,999,0.042027729636048526,291.0,130.4084084084084,1.0,0.11785095320623917,816.0,92.62202202202202,1.0,0.17518775274407858,1213.0,77.77027027027027,1.0,0.04004004004004004,0.11211211211211211,0.16416416416416416,0.04004004004004004,0.06406406406406406,0.07075090963979852,0.04004004004004004,0.023423423423423427,0.017817817817817824,0.023273273273273273,0.06429763096429762,0.096996996996997,0.028061394728061392,0.0327819883375439,0.02913142079808747,0.04004004004004004,0.05109523778376876,0.06337722412984265
Sequential,SRGNN,candidate_reranking,c250,999,0.04462738301559792,309.0,115.003003003003,1.0,0.12536106296938185,868.0,79.51137804471138,0.9991991991991992,0.18529751588677065,1283.0,64.44297630964297,0.9990990990990991,0.03803803803803804,0.1061061061061061,0.15915915915915915,0.03803803803803804,0.0622122122122122,0.06936658881103325,0.03803803803803804,0.022022022022022022,0.017417417417417418,0.021021021021021023,0.061094427761094416,0.09402736069402735,0.025792459125792457,0.030786341897453013,0.028442095108761774,0.03803803803803804,0.04867730456760266,0.06149081453767105
Sequential,SRGNN,candidate_reranking,c500,999,0.043327556325823226,300.0,122.27527527527528,1.0,0.12261698440207973,849.0,85.73893893893893,0.9997997997997997,0.18038705950317735,1249.0,70.91641641641641,0.9996996996996997,0.03803803803803804,0.10510510510510511,0.15615615615615616,0.03803803803803804,0.06104437771104438,0.0678698539809651,0.03803803803803804,0.021621621621621623,0.01711711711711712,0.021938605271938603,0.05895895895895896,0.09632966299632967,0.02655989322655989,0.030148402370624598,0.028127794794461463,0.03803803803803804,0.047516869004867374,0.061396753551536364
